count,id,lat,lon
4,060964012801,34.155,-118.831
4,061914002306,33.079,-116.595
4,250354000847,42.399,-71.019
4,260192003923,41.988,-84.344
4,402277002863,35.595,-97.594
3,063255013890,37.978,-122.327
3,064038006087,39.205,-121.038
3,069102607567,33.979,-117.38
3,080465000679,37.279,-104.379
3,080474000685,39.139,-103.477
3,080570000973,37.998,-105.91
3,080630001414,38.084,-106.137
3,080636001416,37.208,-105.423
3,120138003445,30.699,-86.522
3,179999206407,41.78,-88.112
3,190363000067,42.153,-90.591
3,191416000843,42.625,-96.296
3,192901001671,41.529,-93.953
3,251113002830,42.119,-72.612
3,262142000191,45.999,-84.357
3,262535006194,46.351,-85.511
3,270002100540,47.466,-92.532
3,271152000529,47.9,-91.858
3,272121000927,44.416,-95.556
3,273051001302,47.879,-95.015
3,279999202732,45.059,-94.071
3,280129000182,31.561,-89.499
3,280366000701,34.364,-89.027
3,291092000371,36.624,-90.82
3,291530000696,37.798,-93.574
3,300342000047,47.389,-110.928
3,302124000636,48.112,-105.202
3,310001500121,40.283,-100.175
3,317422001291,42.131,-98.025
3,317719001633,40.46,-96.376
3,350009000618,31.951,-108.811
3,361203000968,42.133,-73.89
3,362034005874,41.123,-73.982
3,362058003607,40.792,-73.971
3,362058005645,40.839,-73.936
3,362058005800,40.881,-73.861
3,362667003635,42.866,-73.808
3,362667003639,42.866,-73.808
3,363195004278,42.83,-77.893
3,390444601390,38.76,-82.93
3,390482703186,39.789,-83.476
3,390506204009,41.558,-84.781
3,391002101096,41.245,-83.232
3,391002603644,38.804,-82.982
3,400540001674,35.233,-97.72
3,402916001170,34.508,-96.978
3,420405006309,40.497,-75.703
3,420471000813,40.048,-79.927
3,421443003902,40.81,-76.151
3,465430000491,43.393,-97.976
3,480945000402,29.838,-94.851
3,481173000678,31.306,-97.249
3,481830010646,31.793,-106.399
3,482799003135,27.689,-97.48
3,482855008093,31.333,-94.732
3,482889012305,30.273,-97.636
3,482913003283,31.314,-96.879
3,483177003539,33.177,-95.228
3,484284004885,31.906,-94.39
3,484398004990,35.25,-102.419
3,484500005126,30.258,-94.562
3,510039000031,37.103,-81.114
3,530480000729,47.199,-123.432
3,530552000829,46.377,-123.802
3,530963002828,47.898,-117.988
3,550001602378,44.291,-91.21
3,550045000069,42.707,-89.868
3,550063000092,44.685,-91.141
3,550741001726,44.452,-87.518
3,550987001302,43.796,-89.322
3,551665002175,44.366,-91.33
3,560568000310,44.637,-106.382
2,010018800925,30.761,-88.082
2,010180001773,34.611,-86.548
2,010240000982,31.524,-87.33
2,010267001577,32.445,-87.518
2,020003000020,58.733,-157.005
2,020009000433,55.476,-133.137
2,020013000044,64.746,-156.879
2,020015000046,55.355,-131.683
2,020030000146,58.109,-135.442
2,020039000296,59.644,-151.568
2,020052500111,55.126,-131.577
2,020057000323,64.542,-165.405
2,040060002676,33.511,-112.1
2,040091000047,35.221,-112.486
2,040096002928,33.443,-112.338
2,040096003498,33.44,-112.398
2,040150002186,35.101,-114.626
2,040160001802,34.567,-111.856
2,040187003464,33.274,-111.79
2,040304000239,33.627,-111.72
2,040308000241,36.952,-112.521
2,040329000253,35.712,-109.533
2,040378003260,33.309,-111.682
2,040423000660,33.313,-112.057
2,040438003271,33.469,-112.375
2,040441001302,36.906,-113.929
2,040503001077,33.411,-110.833
2,040593000478,33.606,-111.954
2,040658001140,34.168,-109.974
2,040841000797,32.852,-109.758
2,040855002354,32.756,-111.697
2,040906002171,33.566,-112.135
2,040943000967,35.739,-109.065
2,050000601131,33.627,-92.068
2,050001900207,35.872,-91.756
2,050002300771,35.601,-91.272
2,050002601541,34.228,-92.01
2,050003001398,33.592,-93.296
2,050004701344,35.673,-90.519
2,050006800108,33.101,-93.661
2,050006801062,33.099,-93.458
2,050007200222,35.826,-93.208
2,050007200734,35.921,-93.059
2,050007900385,34.937,-93.493
2,050008201206,36.109,-91.104
2,050040500777,34.278,-94.053
2,050228000006,36.291,-93.295
2,050261000032,35.246,-92.944
2,050273000039,34.552,-90.767
2,050282000050,35.748,-90.566
2,050306001543,36.323,-94.234
2,050306001648,36.342,-94.243
2,050330000293,33.727,-93.47
2,050332000093,35.937,-89.899
2,050342000102,36.407,-92.907
2,050348000106,35.426,-91.46
2,050377000126,34.42,-93.631
2,050417000155,35.358,-91.678
2,050517000238,33.523,-91.429
2,050714000433,35.324,-92.324
2,050729000442,33.651,-92.78
2,050768000659,34.524,-90.586
2,050777001159,36.252,-91.361
2,050792000515,34.701,-93.062
2,050799000517,36.051,-90.982
2,050804000519,34.951,-90.473
2,050824000544,36.005,-93.191
2,050824000563,36.054,-93.517
2,050824000810,35.689,-93.577
2,050849000565,34.248,-93.64
2,050900001030,34.751,-92.387
2,050900001467,34.746,-92.272
2,050927000665,36.491,-91.541
2,050960000701,35.261,-91.198
2,050978000976,33.747,-93.899
2,051020000964,35.754,-92.288
2,051020001086,35.875,-92.318
2,051026000372,35.631,-94.172
2,051029000877,35.517,-93.965
2,051032000754,34.057,-93.686
2,051041000759,35.37,-92.564
2,051092000820,36.449,-93.196
2,051122000840,33.168,-92.722
2,051161000885,36.28,-90.985
2,051185000603,34.865,-92.404
2,051188000946,35.379,-92.222
2,051200000961,35.335,-92.072
2,051248000886,36.367,-91.2
2,051251000775,33.31,-92.66
2,051257001013,35.429,-92.388
2,051335000678,36.158,-92.994
2,051338001095,35.778,-90.739
2,051404001146,35.581,-92.166
2,051440001171,33.967,-92.041
2,060001509084,34.458,-116.939
2,060002706254,33.682,-117.336
2,060002911921,33.61,-117.131
2,060004205341,33.274,-116.643
2,060201000087,35.886,-119.485
2,060210007300,32.832,-116.816
2,060231012063,37.369,-121.837
2,060300010500,40.878,-124.099
2,060309000242,38.913,-123.693
2,060363013744,35.391,-118.895
2,060744011233,33.554,-117.637
2,060744011266,33.468,-117.598
2,060768007441,40.448,-122.306
2,060861012642,32.617,-116.953
2,060903011359,36.834,-119.684
2,060945012118,40.595,-122.323
2,060948000962,38.031,-120.407
2,061104010438,37.525,-120.804
2,061161001291,38.321,-122.758
2,061218001381,33.976,-118.095
2,061260001423,38.712,-121.463
2,061263001425,37.836,-122.282
2,061293001469,38.691,-122.025
2,061398001605,39.01,-120.844
2,061608002009,36.327,-121.248
2,061632509143,34.011,-117.972
2,061686009376,34.735,-117.358
2,061686013671,34.741,-117.33
2,061959002358,35.609,-118.466
2,062052002473,38.017,-122.675
2,062115002534,36.432,-119.688
2,062235002672,37.126,-121.944
2,062271012881,34.015,-118.249
2,062271012935,33.921,-118.307
2,062271013817,34.275,-118.413
2,062292003504,34.665,-120.111
2,062415003642,39.28,-122.192
2,062622003921,34.021,-117.584
2,062805012053,37.78,-122.213
2,062805012057,37.761,-122.192
2,062865012123,33.785,-117.828
2,062954004558,39.437,-121.547
2,062979004636,37.624,-121.055
2,063045011480,38.466,-122.773
2,063140004867,39.321,-123.105
2,063174004910,33.021,-117.207
2,063198010443,40.184,-122.245
2,063271005085,35.422,-119.254
2,063311011731,38.417,-121.528
2,063321005164,37.638,-120.619
2,063432011390,32.71,-117.127
2,063441005592,37.752,-122.405
2,063588001222,32.865,-116.972
2,063801013713,37.996,-121.292
2,064158012499,38.578,-121.531
2,064206003032,36.694,-119.854
2,064230006922,40.304,-121.009
2,064242006935,40.629,-121.911
2,069101708131,36.953,-120.034
2,069103609251,36.988,-122.039
2,069110208554,39.934,-120.911
2,080000100214,38.814,-102.354
2,080001901743,39.655,-102.624
2,080201000022,37.406,-104.654
2,080222000041,39.745,-103.03
2,080234006424,39.753,-104.866
2,080273000167,39.033,-104.295
2,080285000177,37.751,-106.113
2,080288000180,38.111,-103.51
2,080303000219,39.233,-107.997
2,080315000278,37.851,-106.925
2,080336006547,39.731,-104.995
2,080339000430,37.476,-108.494
2,080351000458,38.484,-102.782
2,080384000502,39.224,-105.999
2,080429000592,38.06,-102.306
2,080447001600,38.554,-106.937
2,080504000826,38.767,-102.792
2,080528000870,39.269,-103.689
2,080534000894,40.351,-102.852
2,080555002007,39.863,-104.958
2,080555006672,39.832,-104.986
2,080567000971,38.828,-104.093
2,080588001011,38.132,-108.295
2,080597001018,38.024,-107.669
2,080600001020,40.964,-102.387
2,080615001071,38.076,-104.978
2,080621001089,38.153,-107.765
2,080639001113,37.257,-105.908
2,080642001115,37.678,-105.88
2,080657001136,37.812,-107.666
2,080672001157,40.616,-103.803
2,080693001198,38.47,-102.217
2,080705001209,40.732,-106.277
2,080714001217,40.35,-103.968
2,080720001226,38.136,-105.462
2,080726001255,37.128,-104.793
2,080741001270,39.789,-103.517
2,090255000487,41.346,-73.231
2,090327000693,41.683,-71.931
2,100018000041,39.118,-75.488
2,100081000059,38.552,-75.571
2,110003000478,38.898,-76.976
2,110003000481,38.929,-76.966
2,120003007457,29.667,-82.313
2,120039007484,25.807,-80.21
2,120039007938,25.78,-80.239
2,120039008574,25.76,-80.441
2,120042003840,27.14,-81.798
2,120060000850,30.623,-84.399
2,120066004849,27.084,-81.083
2,120087007556,28.002,-82.124
2,120108001123,26.717,-81.61
2,120150008368,26.866,-80.124
2,120150008535,26.667,-80.086
2,120177004149,27.443,-80.355
2,120201102908,30.765,-85.254
2,129999201212,29.914,-81.315
2,129999205580,27.997,-82.415
2,130051003757,33.713,-85.118
2,130081000318,32.362,-82.051
2,130120002833,31.621,-85.043
2,130126002106,31.044,-82.772
2,130180002075,32.185,-83.766
2,130366001368,31.191,-84.713
2,130375002417,32.194,-82.58
2,130459002195,32.052,-84.753
2,130477002435,32.187,-82.108
2,130486001657,31.754,-84.418
2,130489002342,30.859,-83.952
2,130510001699,32.413,-82.64
2,130513002465,34.538,-85.325
2,130570002450,34.877,-84.985
2,160063000120,44.516,-116.046
2,160081000159,46.061,-116.347
2,160123000219,42.958,-115.31
2,160150000506,43.909,-116.202
2,160174000302,47.399,-116.67
2,160207000836,43.379,-116.531
2,160228000404,47.469,-115.798
2,160252000445,46.435,-115.888
2,160294000512,42.929,-114.402
2,160340000280,43.841,-112.445
2,160348000530,43.678,-116.905
2,170000105116,42.312,-90.271
2,170004505239,37.742,-88.277
2,170010205345,38.947,-90.588
2,170011006313,42.315,-87.854
2,170011305388,40.203,-89.708
2,170018202670,37.848,-88.932
2,170021703615,37.968,-89.059
2,170032105921,40.943,-90.748
2,170033206064,40.128,-90.565
2,170138505931,40.411,-91.135
2,170140301978,39.451,-89.781
2,170140304067,39.507,-89.768
2,170141304533,40.665,-90.43
2,170141700349,38.324,-88.743
2,170141802290,39.97,-87.822
2,170141806372,39.97,-87.824
2,170405000090,41.783,-87.805
2,170558000229,38.495,-89.94
2,170660004551,39.754,-90.536
2,170804006210,38.561,-90.129
2,170864000505,37.765,-89.08
2,170940004571,42.01,-89.883
2,170993005930,41.867,-87.726
2,171029004573,40.571,-87.892
2,171034001251,38.684,-88.351
2,171083001322,39.841,-90.372
2,171098004583,38.187,-89.606
2,171203001456,40.129,-88.688
2,171206004601,40.366,-89.548
2,171224001477,39.058,-88.382
2,171242006230,41.617,-87.567
2,171248004609,37.367,-89.162
2,171281004613,42.433,-89.334
2,171341004622,39.66,-89.388
2,171359001655,37.228,-89.324
2,171510004881,41.058,-89.051
2,171614001939,41.175,-90.045
2,171656004398,40.769,-89.45
2,171752005952,42.33,-88.092
2,171820004656,37.47,-88.29
2,171996002252,40.575,-89.807
2,172079002370,39.55,-87.941
2,172130002403,42.089,-88.842
2,172163002428,41.795,-87.875
2,172253002509,42.377,-89.815
2,172271002518,40.645,-88.78
2,172277002523,39.886,-91.108
2,172364004710,38.659,-90.164
2,172397002621,38.686,-90.144
2,172475002682,40.036,-88.961
2,172568002777,39.832,-90.555
2,172814005859,41.488,-87.945
2,173078003200,39.607,-87.674
2,173093003221,39.594,-89.576
2,173102004790,42.267,-89.829
2,173195004862,40.728,-89.645
2,173285003402,42.109,-87.947
2,173499003664,42.385,-88.102
2,173561004827,42.475,-90.251
2,173582003021,41.309,-88.608
2,173597000455,41.771,-88.771
2,173909003965,39.257,-88.197
2,174008004865,38.31,-90.278
2,174074004094,42.494,-89.991
2,174175004180,38.427,-89.548
2,174206004204,41.228,-89.925
2,174245004267,40.927,-90.022
2,174248004272,39.95,-89.549
2,174380004348,37.933,-89.059
2,180011801857,39.877,-87.212
2,180084000156,39.279,-87.11
2,180096002190,39.203,-86.245
2,180123000201,38.825,-86.172
2,180141000206,40.912,-86.283
2,180264002111,39.682,-86.248
2,180315000413,40.473,-85.972
2,180462000780,41.558,-87.28
2,180663001626,39.129,-85.128
2,180777001324,38.367,-87.581
2,180960001572,38.947,-84.861
2,180972001589,40.415,-86.598
2,180981000347,38.616,-86.106
2,181026001640,40.647,-84.958
2,181206001892,38.798,-85.836
2,190002300835,42.874,-95.149
2,190309000006,41.521,-94.584
2,190322001937,42.833,-96.549
2,190330000025,42.15,-91.62
2,190345000042,42.755,-92.801
2,190375000081,42.579,-92.886
2,190378000085,42.075,-95.101
2,190402000013,42.714,-95.429
2,190408000101,41.47,-95.342
2,190408001688,41.48,-95.222
2,190438000113,41.827,-93.149
2,190456000120,40.671,-94.723
2,190495000743,41.213,-92.432
2,190575000176,43.389,-93.948
2,190597000201,42.751,-93.369
2,190690000297,40.748,-93.741
2,190693000303,40.576,-91.515
2,190696000306,43.419,-96.169
2,190738000346,42.735,-93.729
2,190858000484,41.587,-90.767
2,190906000593,40.807,-94.344
2,190912001207,42.57,-92.619
2,190960000629,41.604,-90.912
2,191005000640,41.495,-94.124
2,191011000642,42.476,-91.737
2,191104000682,40.83,-95.309
2,191107000686,43.405,-94.837
2,191125000673,41.591,-95.056
2,191212000745,40.885,-95.669
2,191223001961,42.507,-95.412
2,191233000752,43.095,-93.61
2,191248001010,43.442,-95.881
2,191260000210,42.727,-94.439
2,191275000771,42.062,-94.728
2,191335000806,42.785,-91.096
2,191434000429,42.401,-92.453
2,191488000912,41.904,-95.058
2,191518000913,42.65,-92.459
2,191521000651,42.03,-94.233
2,191575000942,42.548,-95.869
2,191611000963,43.415,-93.532
2,191662000991,40.876,-94.557
2,191755001018,41.485,-91.426
2,191803001964,41.582,-92.843
2,191848000079,42.385,-95.87
2,191875001096,41.375,-93.739
2,191980001163,40.689,-92.674
2,192010001180,41.039,-93.954
2,192019001360,42.844,-92.537
2,192034001205,43.059,-92.319
2,192058000712,42.605,-94.998
2,192076001235,43.148,-93.004
2,192082001242,42.291,-91.661
2,192083001887,43.384,-94.313
2,192100001258,42.188,-92.467
2,192181001298,41.2,-94.412
2,192238001338,42.16,-94.476
2,192412001405,42.809,-95.965
2,192415001409,43.355,-92.553
2,192496001430,43.051,-92.933
2,192505001966,43.132,-94.902
2,192520001440,43.374,-92.917
2,192541001451,42.164,-95.428
2,192562001464,40.681,-93.116
2,192607000702,40.718,-95.478
2,192607001478,40.749,-95.359
2,192667001551,40.621,-95.12
2,192679001562,43.143,-91.763
2,192724001588,40.985,-95.101
2,192802001635,41.453,-92.335
2,192811001639,43.11,-92.035
2,192928001676,40.93,-94.975
2,193072001042,42.934,-94.682
2,193102001806,43.392,-96.43
2,193162001841,42.127,-96.156
2,193183001851,41.127,-91.44
2,193195001863,42.484,-96.068
2,200000100523,38.709,-97.51
2,200001400453,38.464,-95.192
2,200002801828,39.823,-97.055
2,200002901830,39.788,-98.213
2,200034801052,39.74,-95.238
2,200034801963,39.741,-95.239
2,200034900614,38.821,-98.473
2,200035001312,39.964,-95.972
2,200035100933,39.764,-94.952
2,200321000212,38.52,-95.957
2,200438000743,37.033,-97.61
2,200447000405,39.508,-98.545
2,200450000443,37.106,-96.501
2,200456000830,39.725,-96.133
2,200477001786,37.516,-95.166
2,200510000643,39.567,-97.666
2,200519001270,37.54,-100.63
2,200540000004,37.982,-101.138
2,200552001244,37.182,-96.716
2,200594000602,38.405,-96.183
2,200600000003,37.47,-95.352
2,200636001385,37.074,-94.634
2,200672001015,37.585,-99.476
2,200687000877,37.983,-96.159
2,200768001272,37.828,-100.451
2,200807000631,37.458,-97.847
2,200813000234,37.017,-98.482
2,200891000607,39.666,-99.574
2,200972000053,37.321,-101.204
2,201047000396,39.25,-99.565
2,201108000392,37.735,-97.56
2,201191000710,38.004,-98.759
2,201260001048,38.857,-99.145
2,201290000171,38.865,-101.964
2,210036000059,39.049,-84.555
2,210048000077,37.579,-84.294
2,210078000158,37.752,-84.762
2,210090002265,38.965,-84.389
2,210129000262,37.834,-86.632
2,210195001671,37.507,-82.816
2,210213001609,38.785,-84.892
2,210375000958,37.737,-83.073
2,210381000971,36.859,-88.353
2,210396001009,37.04,-88.666
2,210399001805,36.707,-84.464
2,210486001215,36.764,-83.698
2,210579000878,36.83,-84.852
2,220018001864,30.566,-93.234
2,220051000623,32.046,-93.683
2,220057000453,32.796,-91.185
2,220114000836,31.761,-93.087
2,230828000226,45.661,-68.706
2,231152000474,44.551,-69.27
2,231158000989,45.322,-69.042
2,231453000288,45.028,-69.299
2,231470001039,43.263,-70.84
2,231476100794,45.194,-69.227
2,231476501026,44.022,-70.966
2,240006000107,39.123,-76.628
2,240009001665,39.31,-76.678
2,240042000734,39.148,-76.879
2,250354001772,42.394,-71.037
2,250423002032,42.071,-71.705
2,250423002791,42.071,-71.707
2,250501000868,42.052,-71.418
2,250501001694,42.109,-71.397
2,250624001302,42.205,-71.423
2,250666002717,42.713,-71.145
2,250696001013,42.545,-71.484
2,250969001537,42.013,-71.302
2,251101002755,42.082,-72.006
2,251104000428,42.106,-73.374
2,251206002105,41.758,-70.724
2,251224002298,42.042,-71.87
2,251299002142,42.391,-72.731
2,251326000763,42.4,-72.938
2,251329002254,42.061,-71.326
2,260000700848,43.839,-82.657
2,260198003944,42.038,-83.379
2,260306001623,44.112,-83.81
2,260348001954,43.188,-84.473
2,260360004059,44.047,-83.697
2,260402004088,45.702,-87.345
2,260543004198,41.944,-86.345
2,260657004260,42.847,-83.444
2,260828004388,43.943,-83.268
2,260867004416,41.918,-85.526
2,261056004523,44.726,-84.055
2,261160008626,42.341,-83.26
2,261542000532,43.174,-84.712
2,261560005221,46.117,-85.566
2,261597001669,45.843,-87.021
2,261716000906,43.16,-85.26
2,261755001109,47.143,-88.583
2,261803000962,42.451,-83.087
2,261833008580,42.408,-83.102
2,261947005612,46.459,-90.16
2,261980005637,41.954,-83.312
2,262070005733,47.194,-88.406
2,262241005959,44.234,-86.332
2,262349006024,42.894,-82.778
2,262400006079,44.653,-84.144
2,262604001854,45.783,-87.902
2,262622006275,43.244,-86.108
2,262649006293,44.365,-86.202
2,262655006299,46.87,-89.3
2,262694006308,47.118,-88.508
2,262769006354,43.258,-82.809
2,262820001277,44.064,-85.489
2,262976006554,42.272,-83.145
2,262979006558,41.839,-86.611
2,263255001251,43.072,-86.191
2,263264001909,43.298,-84.154
2,263294001321,44.011,-83.961
2,263351006885,44.279,-83.534
2,263375006922,42.09,-84.989
2,263492001150,43.397,-84.908
2,263519001494,42.523,-83.067
2,263585001404,44.42,-84.121
2,263666007813,42.82,-86.025
2,270000501769,43.734,-93.735
2,270000701468,43.697,-92.388
2,270000801515,47.854,-92.683
2,270000801517,47.174,-92.479
2,270000801522,48.052,-92.83
2,270000804456,47.888,-92.774
2,270000804509,46.966,-92.546
2,270001301103,44.225,-93.443
2,270002401742,48.194,-96.767
2,270010700920,48.696,-96.184
2,270012801649,44.73,-94.353
2,270013200820,44.227,-95.262
2,270032801201,45.308,-96.442
2,270032804386,45.309,-96.442
2,270038200536,46.006,-95.689
2,270038804736,43.697,-95.466
2,270264000048,44.887,-94.044
2,270303000079,43.673,-93.574
2,270354000162,48.781,-96.016
2,270444004166,47.492,-94.901
2,270579003609,44.846,-93.254
2,270624004780,45.075,-93.297
2,270630000368,46.128,-94.954
2,270711000279,45.593,-96.83
2,270732000304,43.959,-94.791
2,270741003629,45.491,-93.263
2,270747000321,44.711,-96.279
2,270810004620,45.181,-93.125
2,270933000374,44.323,-93.835
2,270936000376,47.608,-96.813
2,271009000429,44.93,-96.058
2,271026000447,46.878,-96.704
2,271108500157,46.181,-92.842
2,271188000578,46.29,-96.064
2,271221000588,46.93,-92.916
2,271302000649,48.146,-95.809
2,271304000152,43.698,-94.346
2,271317000939,47.244,-93.514
2,271368000707,44.506,-96.422
2,271386000711,46.319,-95.447
2,271401000723,46.992,-93.605
2,271419000732,45.734,-94.465
2,271422004108,44.872,-93.411
2,271503004176,44.853,-93.022
2,271554000772,44.464,-96.252
2,271575001630,44.661,-93.64
2,271807004317,44.458,-93.902
2,271839000856,44.386,-95.894
2,271878002208,44.174,-94.01
2,271881000885,45.233,-93.998
2,272124000932,44.953,-93.259
2,272124003141,44.99,-93.283
2,272124004264,44.989,-93.226
2,272145001093,46.43,-92.76
2,272385002665,44.966,-92.945
2,272817001243,46.566,-96.084
2,272829001249,43.819,-91.746
2,272835001254,46.328,-94.471
2,272895001257,44.201,-92.645
2,273180000993,43.995,-92.45
2,273239003576,44.735,-93.212
2,273243002667,45.015,-93.1
2,273246001399,46.482,-96.284
2,273252001404,45.829,-94.282
2,273333004657,45.113,-93.248
2,273384002999,44.971,-93.123
2,273888001681,46.706,-92.362
2,274066500035,44.032,-92.866
2,274185001744,48.911,-95.33
2,274275001811,46.32,-92.837
2,279144702316,48.78,-96.948
2,280018500065,33.858,-91.028
2,280018600088,33.879,-90.726
2,280018901165,33.468,-88.82
2,280099000114,33.264,-89.291
2,280177001320,30.407,-89.1
2,280183000316,31.852,-90.387
2,280222000426,31.698,-91.077
2,280225000432,31.604,-89.867
2,280261001175,33.413,-90.899
2,280282001246,31.236,-89.877
2,280285000553,34.955,-89.49
2,280351000683,30.315,-89.254
2,280366001010,34.221,-89.083
2,280375000722,34.579,-88.603
2,280447000993,32.273,-90.894
2,280447000995,32.378,-90.83
2,289999201195,32.341,-90.157
2,290285000001,38.399,-94.347
2,290288000003,37.11,-89.907
2,290306000015,36.691,-91.4
2,290320000024,38.484,-94.356
2,290327000027,37.315,-93.578
2,290348000029,39.894,-92.479
2,290414000039,36.526,-92.155
2,290417000041,38.365,-94.143
2,290489000058,37.046,-89.475
2,290507000065,37.06,-93.556
2,290525000072,36.884,-89.93
2,290561000106,39.469,-93.332
2,290570000117,36.787,-92.907
2,290579000124,40.15,-92.381
2,290582000126,39.59,-93.802
2,290600000142,39.967,-93.119
2,290609000146,39.791,-92.878
2,290615000153,38.789,-92.792
2,290617000155,37.458,-91.211
2,290645000163,40.439,-93.774
2,290648000165,38.464,-93.626
2,290699002580,38.005,-92.731
2,290705000179,36.493,-90.066
2,290708000181,40.129,-91.518
2,290817002425,36.685,-93.864
2,290843000245,36.923,-93.058
2,290873000256,38.592,-93.855
2,290912000268,36.456,-89.967
2,290981000283,38.105,-93.051
2,291002000318,39.164,-91.647
2,291011000324,37.502,-92.836
2,291020000327,36.541,-91.309
2,291026000330,40.197,-95.377
2,291032000334,38.508,-94.087
2,291044000344,37.482,-93.674
2,291052000352,38.205,-93.747
2,291095000374,36.773,-92.217
2,291110000380,36.931,-90.746
2,291128000392,40.183,-92.137
2,291131000400,37.868,-94.019
2,291224000486,36.696,-93.118
2,291266000530,39.909,-93.972
2,291290000539,39.228,-92.834
2,291293000541,37.387,-94.1
2,291323000560,40.27,-92.95
2,291350000573,39.607,-93.344
2,291353000575,37.615,-93.241
2,291368000596,39.272,-93.837
2,291368002039,39.43,-93.778
2,291431000648,37.94,-93.312
2,291432002371,37.91,-93.193
2,291437000666,39.306,-92.512
2,291533000698,38.093,-94.583
2,291539000700,36.933,-93.504
2,291542000702,38.086,-92.301
2,291566000742,38.763,-92.476
2,291614000744,37.34,-94.304
2,291620000759,40.258,-94.688
2,291640002914,39.003,-94.579
2,291640003150,39.046,-94.54
2,291686000934,36.601,-91.646
2,291842000988,37.258,-89.926
2,291845000990,37.455,-90.849
2,291908001029,38.464,-91.809
2,291935001045,37.311,-90.013
2,291938001048,37.97,-92.968
2,291984001054,39.471,-92.214
2,291992001059,39.192,-93.363
2,292016001072,37.481,-93.428
2,292028001074,39.843,-91.741
2,292037001079,37.431,-90.167
2,292064001107,39.789,-93.303
2,292070001126,40.472,-92.178
2,292075001128,40.512,-93.529
2,292082001138,38.335,-94.531
2,292094001143,40.198,-93.126
2,292112000183,36.928,-93.917
2,292166001190,40.351,-94.669
2,292172001197,36.572,-90.604
2,292175001200,36.563,-90.51
2,292188001220,39.771,-92.749
2,292194001222,39.018,-92.743
2,292214001228,37.92,-91.9
2,292247001230,40.379,-93.335
2,292250001232,37.393,-92.832
2,292271000006,40.039,-94.877
2,292277001256,40.472,-93.986
2,292298001314,40.235,-92.704
2,292319001333,39.985,-95.138
2,292325001337,39.752,-94.357
2,292327001339,38.019,-93.696
2,292331001341,38.705,-93.003
2,292340001349,36.582,-92.672
2,292364001406,37.515,-89.979
2,292541000227,39.55,-94.043
2,292562001501,36.815,-93.919
2,292640001548,36.815,-89.836
2,292643001550,37.86,-92.388
2,292649001558,40.376,-93.937
2,292817001733,37.662,-94.29
2,292838001752,38.679,-93.093
2,292868001771,39.671,-93.685
2,292874001430,37.006,-93.084
2,292886001797,37.222,-93.196
2,292886001810,37.175,-93.243
2,292913001866,38.255,-92.267
2,292934002029,40.219,-94.541
2,292952000089,37.691,-93.795
2,292958002045,37.817,-92.516
2,292970001392,39.233,-92.283
2,293030002070,39.587,-93.476
2,293060002102,39.982,-94.598
2,293069001557,38.551,-90.495
2,293072002118,37.777,-90.78
2,293081002127,36.961,-93.795
2,293087002133,38.186,-91.943
2,293090002135,40.442,-95.051
2,293114002165,38.065,-90.745
2,293146002180,37.895,-93.544
2,293156002198,39.13,-93.982
2,293183002226,38.439,-91.993
2,293192002234,37.942,-93.402
2,293225002261,39.871,-94.144
2,300000800023,45.595,-106.271
2,300171000001,45.514,-109.447
2,300186000003,47.004,-114.481
2,300207000016,45.6,-111.103
2,300222000019,47.164,-114.082
2,300230000022,45.395,-110.672
2,300243000024,47.491,-112.398
2,300264000029,48.139,-104.226
2,300285000037,48.174,-114.424
2,300380000056,45.832,-109.95
2,300382000057,48.065,-114.078
2,300426000100,46.869,-113.872
2,300438000102,46.235,-112.122
2,300444000103,48.316,-110.01
2,300480000117,45.296,-108.92
2,300489000121,46.103,-108.878
2,300498000743,46.322,-111.52
2,300501000124,48.152,-104.915
2,300546000160,45.712,-108.637
2,300585000168,47.56,-111.55
2,300599000172,48.226,-114.122
2,300611200176,47.44,-114.174
2,300679000186,47.417,-105.592
2,300687000189,46.773,-113.714
2,300733000209,48.172,-111.948
2,300783000224,48.147,-104.52
2,300813000231,46.127,-107.556
2,300828000237,46.027,-114.178
2,300870000249,48.291,-114.174
2,300886000253,47.317,-109.94
2,300888000254,46.932,-114.093
2,300903000222,47.316,-114.319
2,300912000260,48.396,-108.249
2,300972000273,45.741,-108.68
2,300993000278,45.348,-111.733
2,301014000280,47.616,-111.976
2,301021000282,47.85,-104.049
2,301023000283,48.197,-114.222
2,301092000294,48.224,-114.279
2,301095000296,48.369,-114.458
2,301142000310,48.058,-106.047
2,301155000314,48.336,-104.488
2,301165000316,45.393,-108.912
2,301167000318,48.093,-105.56
2,301179000320,45.591,-111.2
2,301182000321,45.032,-110.711
2,301221000332,47.603,-110.27
2,301227000334,47.258,-110.493
2,301242000880,48.196,-106.619
2,301284000616,46.329,-113.296
2,301296000351,47.024,-108.801
2,301311000068,47.639,-111.861
2,301331000394,45.734,-107.616
2,301353000403,45.699,-111.785
2,301366000097,47.998,-108.688
2,301380000426,48.255,-114.256
2,301407000436,47.584,-110.797
2,301434000443,48.395,-107.084
2,301443000445,46.998,-109.874
2,301464000448,47.609,-114.665
2,301476000453,46.293,-107.231
2,301520000463,45.487,-108.974
2,301534000467,47.319,-106.907
2,301557000130,48.122,-114.457
2,301599000492,47.685,-104.622
2,301611000241,45.644,-110.945
2,301629000502,46.293,-108.936
2,301671000519,44.635,-112.593
2,301681000522,46.956,-112.674
2,301701000533,45.317,-107.371
2,301719000251,46.567,-113.984
2,301761000547,45.862,-111.328
2,301770000549,48.103,-114.663
2,301817000551,48.504,-104.502
2,301824000554,46.601,-107.868
2,301875000585,45.676,-111.17
2,301887000588,46.972,-109.693
2,301917000593,48.136,-106.354
2,301974000602,48.858,-106.411
2,302004000609,45.63,-108.916
2,302067000166,45.519,-110.564
2,302085000622,47.465,-114.885
2,302096000625,48.778,-104.555
2,302100000627,46.419,-104.518
2,302106000632,47.68,-114.168
2,302133000639,46.882,-113.58
2,302185000648,46.005,-112.687
2,302187000649,45.973,-109.261
2,302237000659,47.643,-105.067
2,302271000664,45.361,-109.165
2,302292000671,46.275,-106.442
2,302316000676,47.331,-108.955
2,302337000682,48.461,-107.345
2,302352000685,47.451,-104.342
2,302373000689,47.176,-113.478
2,302415000697,45.454,-112.191
2,302499000021,47.149,-110.218
2,302502000718,46.506,-114.084
2,302550000730,48.096,-114.028
2,302553000731,47.49,-113.679
2,302652000211,47.838,-115.599
2,302673000752,45.546,-112.333
2,302706000758,48.305,-112.254
2,302727000762,46.415,-114.151
2,302757000767,48.24,-114.418
2,302763000768,44.666,-111.108
2,302773000770,48.867,-104.05
2,302793000779,48.762,-107.63
2,302814000785,45.825,-111.645
2,302838000789,47.559,-109.382
2,302847000791,47.002,-108.353
2,302865000800,46.76,-114.252
2,302880000355,45.131,-107.397
2,310000402195,42.504,-97.204
2,310001000021,41.486,-99.768
2,310001200119,41.292,-99.919
2,310002301214,41.078,-100.519
2,310002401647,41.16,-101.126
2,310002501664,42.042,-97.832
2,310006500970,40.096,-98.959
2,310006701043,41.558,-103.745
2,310007000018,40.838,-99.265
2,310007101661,41.779,-96.222
2,310007300031,41.426,-100.192
2,310007601584,41.67,-96.665
2,310008000016,40.103,-99.362
2,310008201639,42.6,-99.138
2,310008501623,41.213,-98.466
2,310008901467,41.223,-98.266
2,310009100989,41.363,-97.972
2,310009600987,40.651,-97.288
2,310009901670,40.889,-97.352
2,310010500100,41.667,-103.093
2,310010901464,40.145,-99.642
2,310011000348,41.067,-102.069
2,310011402031,41.653,-96.504
2,310011600593,40.458,-96.512
2,310011700602,40.783,-97.81
2,310012100750,40.772,-98.372
2,310012200762,40.433,-98.053
2,310012400865,40.313,-97.81
2,310012901076,41.449,-97.736
2,310013001180,41.078,-97.603
2,310016301772,40.521,-101.634
2,310017902190,40.168,-95.947
2,310018400127,41.562,-98.149
2,310018401617,41.689,-98.36
2,310018402297,41.689,-98.36
2,310018701393,42.83,-98.471
2,310018702039,42.911,-98.845
2,310279000005,42.547,-99.856
2,310288000009,42.412,-96.844
2,310306000023,41.291,-99.379
2,310309000025,40.309,-99.896
2,310312000027,41.426,-99.129
2,310321000515,41.571,-101.688
2,310342000046,40.481,-99.126
2,310402000079,40.522,-99.632
2,310420000094,40.327,-98.45
2,310429000098,41.024,-100.364
2,310487000125,41.397,-96.609
2,310501000142,42.203,-98.751
2,310516000150,41.72,-97.124
2,310528000157,42.938,-101.249
2,310555000179,42.457,-97.906
2,310591000197,40.134,-97.724
2,310597000201,40.337,-96.918
2,311956000376,42.113,-96.355
2,316295000817,41.062,-98.617
2,316984000912,40.649,-97.12
2,317002000920,41.283,-98.567
2,317005000922,41.984,-98.08
2,317014000929,40.72,-99.371
2,317022000933,40.588,-99.865
2,317098001005,40.738,-98.848
2,317101001007,40.771,-98.151
2,317152001046,42.615,-97.264
2,317152001297,42.653,-96.876
2,317182001066,41.156,-101.001
2,317200001082,42.319,-96.494
2,317215001093,41.689,-97.49
2,317221000216,41.998,-101.751
2,317233501099,40.412,-95.997
2,317242001111,40.621,-98.652
2,317278001128,40.244,-96.41
2,317284001163,40.805,-96.699
2,317291001185,41.16,-99.155
2,317299001189,40.475,-99.513
2,317321001203,41.934,-96.472
2,317350001226,40.743,-97.597
2,317366001235,40.32,-97.33
2,317437001604,42.752,-98.028
2,317482001939,41.293,-95.943
2,317503001459,42.366,-97.599
2,317506001461,40.741,-99.537
2,317533001484,40.11,-96.156
2,317536001486,41.125,-101.362
2,317539001489,42.112,-96.711
2,317569001526,40.97,-99.09
2,317577001530,42.564,-96.713
2,317596001549,41.03,-98.924
2,317640001571,42.839,-97.85
2,317641001573,41.644,-99.374
2,317659001556,41.197,-97.293
2,317662001595,40.771,-98.734
2,317665001597,40.419,-97.723
2,317698001621,41.571,-97.861
2,317710001627,41.477,-100.513
2,317734001641,40.95,-99.507
2,317752001649,40.618,-97.86
2,317824001685,42.263,-96.868
2,317826001687,40.84,-101.17
2,317830001689,42.148,-96.494
2,317867001725,41.886,-98.555
2,317872001727,40.476,-96.969
2,317884001739,42.178,-97.18
2,317899001745,42.743,-97.17
2,320006000883,36.195,-115.157
2,320024000165,40.636,-116.939
2,320051000606,38.862,-115
2,330186000024,44.475,-71.182
2,330429000533,44.214,-71.916
2,340066000004,39.437,-74.495
2,340234000002,39.412,-74.365
2,340423005931,40.772,-74.208
2,340489000056,39.905,-74.908
2,340522001086,40.116,-74.781
2,340627000506,40.89,-74.043
2,341050002982,40.296,-74.472
2,341107000172,39.58,-74.712
2,341179000215,39.367,-74.561
2,341269003254,40.92,-74.134
2,341401000085,40.034,-74.955
2,341542000127,39.935,-74.746
2,341629000497,40.224,-74.777
2,341653001894,39.503,-75.219
2,341668000216,39.339,-74.496
2,341749004148,40.29,-74.019
2,341764005018,40.891,-74.209
2,341788004558,40.895,-74.576
2,350000100607,34.598,-105.205
2,350021000153,35.481,-106.318
2,350033000176,33.645,-105.879
2,350042000192,36.909,-106.579
2,350048000199,36.551,-105.26
2,350051000204,36.443,-103.176
2,350054000206,32.958,-105.739
2,350072000245,36.759,-103.834
2,350079000250,33.94,-103.338
2,350081000252,36.943,-106.988
2,350102000294,34.215,-103.579
2,350114000325,34.823,-103.319
2,350117010154,35.04,-107.376
2,350147000374,32.997,-104.362
2,350156000415,35.315,-105.43
2,350159000420,35.368,-103.414
2,350183000465,34.434,-103.628
2,350198000476,36.331,-106.029
2,350213000492,34.341,-108.492
2,350228000526,35.946,-104.193
2,350234000532,35.108,-103.327
2,350243000559,32.967,-108.609
2,350258000588,34.394,-103.051
2,350273000611,36.01,-104.702
2,360001901976,42.581,-75.334
2,360002404322,42.334,-78.86
2,360240000010,42.23,-75.528
2,360246005751,42.646,-73.762
2,360246006227,42.664,-73.77
2,360267000044,44.336,-75.91
2,360321000083,43.241,-73.485
2,360327000086,41.697,-73.894
2,360561000288,42.383,-79.452
2,360564000290,40.938,-73.831
2,360582000293,44.825,-74.519
2,360621000400,43.022,-73.377
2,360678000466,42.934,-75.858
2,360891000680,42.27,-74.912
2,361059000828,42.121,-76.832
2,361173000938,43.023,-74.034
2,361284001053,41.101,-72.369
2,361323001078,41.423,-73.955
2,361338001102,42.821,-75.547
2,361359001111,43.318,-76.578
2,361467001220,42.791,-77.502
2,361536001292,42.836,-78.604
2,361590001373,42.136,-75.962
2,361599001387,43.068,-76.471
2,361713003229,42.629,-78.116
2,361758001574,41.903,-74.826
2,361860001677,42.937,-78.75
2,361983001814,44.045,-73.478
2,362001004344,42.713,-77.874
2,362058003328,40.717,-74.014
2,362058003353,40.831,-73.877
2,362058003767,40.841,-73.904
2,362058004887,40.701,-73.928
2,362058005168,40.822,-73.894
2,362058005619,40.724,-73.982
2,362058005643,40.866,-73.924
2,362058005648,40.837,-73.937
2,362058005655,40.82,-73.899
2,362058005709,40.659,-73.943
2,362058005960,40.659,-73.929
2,362058005985,40.815,-73.856
2,362058006285,40.665,-73.759
2,362067002898,42.231,-76.187
2,362130003037,43.224,-74.176
2,362136003043,44.775,-74.988
2,362277003203,42.726,-77.997
2,362337003269,43.229,-75.057
2,362475003367,43.195,-77.635
2,362496006325,41.814,-74.191
2,362544000049,42.16,-78.739
2,362547003521,43.174,-73.324
2,362574003533,44.325,-74.136
2,362673003650,42.161,-79.594
2,362688003665,42.532,-79.163
2,362961003984,42.088,-76.014
2,363006004041,42.813,-73.684
2,363060004108,43.163,-75
2,370150000608,36.064,-80.206
2,370183002294,35.491,-77.67
2,370243002751,35.493,-80.617
2,370420001696,34.74,-79.488
2,380002300571,46.153,-103.143
2,380002400541,48.56,-102.638
2,380002700486,46.544,-102.868
2,380004400119,47.154,-97.109
2,380004600460,46.372,-102.319
2,380005000453,48.767,-101.511
2,380005900490,47.681,-99.132
2,380006000500,47.119,-98.198
2,380006100183,46.622,-97.603
2,380038900611,46.85,-99.915
2,380082500113,48.712,-100.915
2,380176000003,47.842,-103.638
2,380217000013,46.034,-99.381
2,380306000067,48.829,-100.443
2,380309000069,48.806,-102.247
2,380320000074,46.181,-103.408
2,380359000080,48.875,-102.565
2,380409000099,46.906,-97.209
2,380414000103,47.636,-97.068
2,380534000150,48.561,-97.184
2,380585000093,46.359,-98.718
2,380595000170,48.415,-98.454
2,380609000177,46.003,-98.523
2,380621000180,46.888,-103.195
2,380669000190,46.055,-96.6
2,380691000217,47.514,-97.834
2,380693000218,46.456,-101.229
2,380783000235,46.811,-101.825
2,380785000237,48.516,-101.223
2,380795000242,47.474,-100.128
2,380846000273,48.621,-103.933
2,380871000281,46.069,-96.9
2,380900000289,47.641,-97.46
2,380913000141,46.486,-100.282
2,380918000295,46.904,-102.05
2,380941000298,45.999,-102.633
2,381027000331,47.373,-102.756
2,381114000365,46.074,-97.148
2,381185000006,47.728,-102.676
2,381235000401,47.827,-101.296
2,381254000415,47.8,-103.245
2,381266000418,46.891,-99.297
2,381293000426,46.261,-97.455
2,381320000456,47.158,-100.79
2,381323000458,46.697,-98.587
2,381340000463,48.863,-99.612
2,381344000466,48.666,-98.835
2,381351000468,46.507,-99.766
2,381371000477,48.345,-103.169
2,381434000508,47.735,-97.578
2,381450000513,46.138,-98.089
2,381643000568,46.104,-97.64
2,381647000569,48.089,-101.055
2,381651000573,46.039,-100.922
2,381704000590,48.058,-100.935
2,381713000592,46.867,-102.991
2,381752000602,48.619,-97.451
2,381767000608,48.452,-98.875
2,381791000618,48.237,-101.13
2,381828000629,47.775,-97.106
2,381850000640,47.521,-100.895
2,381866000644,47.457,-101.143
2,381926000671,47.858,-98.711
2,381929000673,47.292,-101.027
2,381947000685,48.912,-101.022
2,382019000706,46.256,-99.55
2,382023000708,48.494,-99.705
2,382031000712,46.263,-97.128
2,382040000717,45.969,-99.831
2,390053705248,38.695,-83.589
2,390436500201,41.431,-81.749
2,390437000234,41.082,-80.571
2,390437900570,41.5,-81.529
2,390440601007,41.159,-80.688
2,390440901026,40.115,-84.615
2,390441400359,38.552,-82.707
2,390442304929,39.228,-84.451
2,390442604849,41.433,-82.202
2,390442904737,40.764,-82.553
2,390446501534,41.508,-82.94
2,390449304862,40.022,-83.079
2,390450601975,41.456,-81.924
2,390452202126,40.142,-84.432
2,390452302129,40.069,-80.778
2,390453101377,40.482,-84.63
2,390453302178,40.119,-84.342
2,390454102206,41.302,-84.746
2,390455102258,39.963,-84.345
2,390457502331,40.734,-83.933
2,390459702393,40.605,-83.975
2,390461302446,39.439,-84.537
2,390461702461,40.687,-81.162
2,390461902464,40.127,-83.943
2,390462102471,40.216,-83.754
2,390462802501,39.927,-83.875
2,390463300821,38.836,-84.098
2,390464202546,40.712,-80.63
2,390465004591,40.951,-82.848
2,390466202610,40.215,-84.629
2,390466702618,40.22,-84.748
2,390468400919,39.65,-82.735
2,390468502674,39.63,-82.547
2,390470602766,41.678,-84.325
2,390470702768,41.53,-84.228
2,390472502820,39.747,-83.806
2,390473302842,39.21,-84.519
2,390474202889,40.889,-83.652
2,390474502896,41.104,-83.793
2,390474702901,40.974,-83.476
2,390474902903,40.78,-83.66
2,390475002905,40.533,-83.528
2,390475402914,40.463,-81.219
2,390477202954,41.075,-82.39
2,390478303007,40.448,-82.264
2,390478503012,40.476,-82.553
2,390480304504,40.188,-82.607
2,390481104632,41.455,-82.012
2,390483302723,41.045,-80.552
2,390483803234,40.91,-80.991
2,390483903237,41.026,-80.913
2,390484603260,41.057,-82.177
2,390485700250,40.683,-84.651
2,390485903308,40.408,-84.771
2,390486103313,39.919,-84.086
2,390486303322,40.055,-84.341
2,390486503324,39.848,-81.041
2,390492202755,41.101,-81.093
2,390492703545,39.837,-84.722
2,390495002791,39.245,-83.057
2,390495103616,39.242,-83.215
2,390495603632,41.273,-83.326
2,390495703638,41.455,-83.372
2,390496603666,38.722,-82.846
2,390496803668,41.079,-82.915
2,390497103678,41.056,-83.319
2,390497603686,40.47,-84.177
2,390497703690,40.266,-84.075
2,390498103698,40.233,-84.408
2,390498903735,40.731,-81.094
2,390501203841,41.226,-80.562
2,390502103878,41.388,-80.669
2,390502303883,41.284,-80.96
2,390502403887,41.239,-80.878
2,390502903903,40.597,-81.532
2,390504205311,39.569,-84.18
2,390505403979,40.805,-81.698
2,390505503983,40.869,-81.858
2,390506304012,41.585,-84.455
2,390506504018,41.501,-84.415
2,390696804143,40.046,-81.446
2,391000403682,40.397,-84.176
2,391001303010,40.409,-82.33
2,391002203922,40.853,-84.516
2,391002305365,40.867,-84.585
2,400003202283,35.552,-98.572
2,400681000267,35.801,-97.676
2,400693000274,35.718,-94.751
2,400717000281,34.608,-98.093
2,400900000378,35.954,-97.589
2,400978000420,35.459,-95.938
2,400987000426,35.032,-97.63
2,401089000504,34.463,-98.055
2,401125000534,36.752,-94.852
2,401209000564,36.434,-95.525
2,401408000662,33.85,-94.653
2,401434000676,36.111,-97.891
2,401497000704,36.413,-96.391
2,401617000154,35.941,-96.213
2,401650000767,35.944,-96.044
2,402118001052,34.741,-99.231
2,402277002325,35.475,-97.522
2,402304001229,36.458,-95.708
2,402337002708,35.178,-94.676
2,402358001253,36.674,-96.331
2,402550001361,34.199,-95.421
2,402724001437,36.147,-98.92
2,402764001471,34.039,-96.477
2,402817001491,36.298,-95.997
2,403360201597,35.099,-98.442
2,409999202347,34.512,-96.952
2,410001601267,45.342,-123.186
2,410120000019,44.381,-123.595
2,410156000400,42.192,-122.687
2,410192001647,45.491,-122.86
2,410280001015,45.515,-122.5
2,410474001348,44.095,-123.137
2,410508001148,45.425,-117.272
2,410600000098,45.421,-122.414
2,411035001645,44.305,-121.181
2,411068000419,42.436,-123.17
2,411082004193,45.034,-123.02
2,411293000187,45.861,-123.179
2,411299001147,45.571,-117.532
2,420204003229,40.123,-75.124
2,420259000945,40.832,-79.558
2,420321004328,40.113,-79.832
2,420336000242,40.126,-80.029
2,420390000101,41.899,-75.737
2,420507007126,39.897,-79.978
2,420603000063,40.294,-79.886
2,420639000202,41.428,-80.208
2,420714001529,40.968,-78.519
2,420806006085,40.365,-79.787
2,420828006161,41.545,-79.433
2,420915006417,41.739,-75.956
2,420954006270,39.782,-77.375
2,420966000283,40.119,-77.784
2,420987002246,40.083,-78.065
2,420993006419,41.644,-75.474
2,420994006899,40.332,-78.753
2,420996004242,40.346,-80.28
2,421038007565,40.677,-80.244
2,421095001252,40.309,-78.91
2,421131005038,40.462,-76.929
2,421170007004,40.896,-76
2,421233006778,40.316,-79.618
2,421242000481,40.096,-75.134
2,421347006579,40.628,-79.604
2,421517002423,41.447,-75.604
2,421572000870,40.486,-80.105
2,421583007430,40.513,-80.218
2,421590007587,40.209,-74.789
2,421743000696,40.835,-80.261
2,421746000964,41.864,-76.236
2,421761006859,40.657,-78.789
2,421878002345,40.639,-78.945
2,421902007422,40.888,-78.236
2,421917000599,40.403,-80.01
2,421935007298,40.494,-79.754
2,422004007236,40.318,-75.931
2,422046007516,40.708,-80.279
2,422052006209,39.919,-79.161
2,422091005264,40.634,-76.168
2,422120000458,40.548,-79.943
2,422124007009,40.782,-76.584
2,422127000091,40.015,-78.899
2,422149003938,40.819,-76.211
2,422241006932,40.108,-79.591
2,422277006233,40.805,-77.922
2,422292004030,41.42,-76.498
2,422388006215,39.799,-79.33
2,422415006097,39.901,-79.706
2,422451000815,40.171,-75.089
2,422475006956,41.457,-75.175
2,422508000274,42.054,-79.904
2,422511005331,39.747,-77.568
2,422514006446,40.939,-75.818
2,422595006987,41.261,-75.929
2,422613001290,40.316,-78.939
2,422630000294,41.272,-75.85
2,440090000124,41.804,-71.429
2,450117001670,32.913,-79.86
2,450153001171,34.714,-81.178
2,450222000737,34.123,-79.935
2,450252001449,32.328,-81.04
2,450300000800,33.869,-82.273
2,450318000196,33.475,-81.187
2,450318000879,33.246,-80.789
2,450321000849,33.406,-80.74
2,450342001186,34.059,-81.102
2,450384001127,35.098,-81.186
2,459999201228,34.912,-81.882
2,460000300757,45.406,-96.856
2,460003601011,44.754,-96.685
2,460004101140,45.794,-97.752
2,460005200853,43.453,-96.843
2,460102600404,43.728,-97.386
2,460102701030,44.121,-97.219
2,460102801032,45.509,-100.032
2,460207000011,45.452,-98.494
2,460372000021,44.362,-97.137
2,460378000023,43.32,-98.348
2,460427000028,43.006,-98.057
2,460468000035,43.759,-96.734
2,460696000053,45.295,-96.466
2,460705000054,45.524,-102.464
2,460740000064,42.99,-97.869
2,460767000881,43.077,-98.951
2,460780000068,45.45,-99.651
2,460951200100,43.181,-99.29
2,461032000104,43.597,-97.295
2,461128000113,44.725,-97.028
2,461176000115,43.119,-96.958
2,461230000131,43.9,-96.93
2,461410000092,43.981,-96.81
2,461917000170,44.897,-98.103
2,461945000799,45.047,-101.599
2,462139000187,44.231,-96.482
2,462140000189,45.833,-98.504
2,462142000004,43.553,-97.502
2,462250000193,43.544,-97.984
2,462256000195,45.768,-99.623
2,462294000805,45.019,-102.041
2,462403000202,45.034,-99.13
2,462454000208,45.054,-97.33
2,462637000223,43.714,-96.504
2,462649000228,42.893,-97.173
2,462697000231,45.007,-99.955
2,462988000238,43.232,-99.423
2,463049000247,44.043,-101.669
2,463080000259,44.657,-97.292
2,463234000275,44.882,-97.461
2,463243000277,45.836,-100.07
2,463444000032,45.453,-99.338
2,463615000916,44.367,-97.853
2,463699000809,42.549,-96.526
2,463822000142,43.746,-98.955
2,463999000367,44.361,-97.373
2,464086000369,45.604,-97.833
2,464477000728,43.902,-99.856
2,464494000406,43.733,-96.921
2,464545000407,43.422,-97.259
2,464626000410,45.924,-101.351
2,464638010161,45.676,-100.806
2,464710000419,43.237,-97.577
2,464794200429,44.52,-98.98
2,464878000451,43.698,-97.188
2,464965000454,43.715,-98.261
2,465067000456,44.095,-102.833
2,465085000468,44.716,-103.426
2,465175000820,45.156,-98.5
2,465277000481,43.18,-103.234
2,465571000507,43.711,-98.479
2,466414000562,44.09,-96.965
2,466518000568,43.148,-97.716
2,466546000576,43.483,-102.488
2,466630000613,44.322,-96.92
2,467188000664,45.426,-101.075
2,467245000059,43.226,-97.968
2,467542000694,43.08,-98.305
2,467560000698,45.625,-100.523
2,467566000704,43.99,-102.247
2,467602000708,45.324,-98.498
2,467668000719,45.339,-97.308
2,467674000721,45,-96.97
2,467699000723,45.334,-97.519
2,467851000745,43.731,-98.707
2,467935000755,44.629,-97.637
2,468010000546,44.406,-98.47
2,468044000323,44.517,-99.442
2,468044100450,45.543,-100.433
2,470000101931,36.202,-83.287
2,470014802248,35.093,-90.013
2,470018000582,35.613,-86.582
2,470051000152,36.193,-82.063
2,470126001381,35.935,-86.892
2,470159000669,35.05,-85.295
2,470189000627,36.034,-88.266
2,470243000872,35.544,-87.554
2,470378002336,35.954,-83.588
2,470399001634,36.49,-82.414
2,470447001777,36.278,-88.704
2,470453002097,35.965,-86.685
2,470453002469,35.94,-86.651
2,480000600274,33.138,-100.222
2,480000706343,31.638,-99.553
2,480000813086,30.179,-98
2,480759007795,29.489,-98.443
2,480765000052,32.758,-95.586
2,480783013264,29.701,-95.657
2,480849000215,31.225,-94.971
2,480870013016,32.669,-97.151
2,480870013262,32.686,-97.043
2,480894013220,30.361,-97.688
2,480894013510,30.154,-97.769
2,480900000371,28.457,-96.891
2,480928006360,32.398,-99.398
2,480987000462,27.649,-98.081
2,481014000469,32.587,-95.111
2,481023013257,32.825,-97.24
2,481035000516,33.22,-96.27
2,481044000522,33.135,-94.062
2,481095000558,34.514,-102.89
2,481107000573,29.316,-100.413
2,481125000600,31.17,-96.681
2,481152000624,31.15,-93.993
2,481168012683,25.976,-97.486
2,481168013225,25.892,-97.519
2,481264000758,30.867,-96.967
2,481320000820,31.922,-95.924
2,481338000838,31.181,-95.044
2,481344000844,31.706,-94.678
2,481416000892,34.94,-100.899
2,481425000049,35.106,-101.366
2,481449000937,32.303,-101.306
2,481455000944,31.81,-99.426
2,481458013265,33.558,-96.907
2,481460000949,30.908,-94.43
2,481596011209,29.097,-97.274
2,481623011186,32.802,-96.775
2,481623012026,32.835,-96.868
2,481623012151,32.706,-96.83
2,481644011874,32.115,-98.538
2,481662012928,30.226,-97.699
2,481692001467,30.027,-94.591
2,481707013371,29.44,-95.109
2,481739012306,26.2,-98.102
2,481770008045,32.883,-97.349
2,481770013406,32.866,-97.39
2,481807001605,31.219,-99.844
2,481812006247,32.692,-95.873
2,481815012635,29.432,-98.547
2,481815013183,29.431,-98.578
2,481818012500,26.328,-98.15
2,481875001752,30.348,-94.079
2,481928001788,29.683,-97.104
2,481938001799,27.645,-97.29
2,481970013408,32.767,-97.229
2,481995001951,29.528,-95.213
2,482034012955,32.947,-96.666
2,482079002085,31.866,-101.485
2,482109001873,30.606,-94.945
2,482235002242,34.746,-101.861
2,482247012969,29.35,-98.49
2,482277002307,32.582,-95.209
2,482289002318,31.346,-93.847
2,482307007901,31.992,-98.023
2,482310012266,26.114,-98.192
2,482364012789,29.706,-95.502
2,482382006122,30.025,-95.112
2,482391008591,30.002,-95.263
2,482412002687,33.661,-101.684
2,482433002709,30.909,-101.901
2,482460007492,30.829,-97.607
2,482511002799,32.668,-94.173
2,482517012499,29.781,-95.831
2,482517013259,29.803,-95.794
2,482547002836,31.36,-95.18
2,482613012150,26.197,-98.366
2,482625002960,28.945,-99.842
2,482667013404,32.603,-96.8
2,482718003051,31.319,-96.209
2,482754003095,33.006,-94.362
2,482769003106,30.143,-93.759
2,482823003159,33.672,-101.532
2,482841003169,31.135,-95.448
2,482976003351,30.283,-97.24
2,482991003365,32.946,-94.083
2,483003003372,29.8,-99.248
2,483036003399,31.261,-100.823
2,483039012649,32.769,-96.642
2,483104013230,26.237,-98.329
2,483123003511,26.373,-97.978
2,483165003530,31.921,-94.687
2,483195003551,30.733,-96.562
2,483213003564,29.187,-98.855
2,483243003600,33.731,-101.839
2,483294008108,29.519,-98.393
2,483294013508,29.563,-98.363
2,483297003663,33.271,-95.619
2,483301003668,33.693,-95.546
2,483312013504,29.423,-98.654
2,483318013149,32.916,-97.326
2,483372006308,27.954,-97.942
2,483432013410,29.626,-95.242
2,483463003886,33.036,-98.068
2,483486003907,26.184,-98.149
2,483504003941,33.189,-102.826
2,483534008011,32.972,-97.86
2,483573004043,33.894,-97.724
2,483576004050,27.356,-98.134
2,483693004113,27.422,-97.855
2,483738004196,31.902,-100.486
2,483780004232,33.582,-101.676
2,483786004237,32.438,-100.541
2,483831004271,28.889,-97.712
2,483873011122,29.384,-98.478
2,483873013231,29.415,-98.444
2,483879012007,26.164,-97.653
2,483900007485,26.496,-97.64
2,483936004479,26.254,-97.825
2,483939004481,32.605,-98.21
2,483945004484,33.601,-96.369
2,483960004499,32.949,-102.572
2,483963004503,29.773,-96.161
2,483975004516,32.717,-102.652
2,483987004524,33.693,-101.991
2,483993012679,26.21,-98.27
2,484032004566,33.349,-94.506
2,484050004585,31.632,-95.462
2,484059004592,33.59,-102.165
2,484065012778,32.706,-100.934
2,484107006328,30.236,-95.158
2,484134004733,30.695,-94.179
2,484158006486,35.826,-101.449
2,484176004760,34.063,-102.529
2,484185004772,33.46,-102.486
2,484221004803,30.314,-94.96
2,484266004871,30.588,-97.295
2,484278004879,33.183,-99.18
2,484372013056,29.222,-99.792
2,484376004977,31.646,-97.454
2,484404004994,31.477,-100.259
2,484494005115,31.488,-94.938
2,484496013085,26.169,-97.98
2,484557005180,33.601,-102.618
2,484617005268,31.754,-103.152
2,484635005279,33.367,-96.075
2,490006000040,38.208,-112.927
2,490018000101,40.992,-109.726
2,490024000170,40.354,-110.708
2,499999200969,41.246,-111.962
2,509991000193,44.632,-73.11
2,509991700183,44.501,-73.18
2,509993000036,43.833,-72.644
2,509995100442,43.653,-72.529
2,510024000076,37.352,-78.838
2,510093001956,38.258,-76.969
2,510186002761,38.44,-78.836
2,510195000861,38.407,-79.579
2,510219000892,36.628,-83.529
2,510271001155,37.361,-75.941
2,510285001179,38.658,-78.456
2,510291002794,37.187,-77.395
2,510366001978,38.474,-77.481
2,530000202870,48.301,-118.198
2,530038002415,45.791,-122.546
2,530038003176,45.794,-122.561
2,530038003214,45.772,-122.496
2,530084000165,48.363,-124.622
2,530126000231,48.281,-117.717
2,530129002059,48.012,-122.778
2,530147000276,46.032,-118.388
2,530186000293,47.755,-118.52
2,530192000296,48.337,-117.299
2,530255000374,47.664,-120.226
2,530300000486,47.013,-117.14
2,530303000248,46.021,-121.29
2,530336000511,47.479,-118.251
2,530354002640,47.437,-122.328
2,530381000584,46.008,-122.838
2,530402000640,46.276,-119.498
2,530417000649,45.862,-122.664
2,530453000713,48.492,-122.898
2,530459000717,45.694,-121.28
2,530474000728,47.891,-120.153
2,530483000731,48.06,-117.746
2,530561002462,48.177,-117.056
2,530588000873,48.912,-117.789
2,530600000909,46.841,-123.241
2,530612000915,47.331,-118.689
2,530624000941,46.582,-122.719
2,530654000960,46.913,-117.071
2,530687001009,46.297,-118.32
2,530699001045,47.824,-122.875
2,530705001050,47.46,-123.897
2,530714001059,46.685,-123.725
2,530723002721,47.456,-122.197
2,530726001088,48.642,-118.727
2,530792002646,47.774,-122.3
2,530810001337,46.662,-123.792
2,530906001539,45.989,-121.516
2,530960001628,47.645,-120.07
2,530981001666,45.74,-121.494
2,530990001674,47.426,-119.121
2,540060001252,38.217,-81.429
2,540069001060,37.727,-81.855
2,540111001264,39.378,-81.264
2,550005602740,44.845,-88.783
2,550005800154,46.134,-90.577
2,550006102806,45.313,-91.662
2,550012000013,42.707,-89.434
2,550024000023,44.26,-89.413
2,550033000032,44.455,-89.285
2,550075000097,45.485,-92.466
2,550084000111,43.013,-89.895
2,550087000119,45.397,-91.846
2,550090000082,46.815,-90.819
2,550102000134,42.742,-90.327
2,550111000161,42.568,-90.384
2,550147000188,44.74,-88.453
2,550156000199,44.856,-88.982
2,550159000202,45.046,-92.038
2,550183000234,45.46,-91.274
2,550192000245,46.017,-90.496
2,550207000250,43.542,-89.102
2,550258000289,45.328,-92.173
2,550270000306,44.192,-91.778
2,550279000315,45.003,-91.723
2,550291000326,45.574,-88.926
2,550297000329,45.234,-88.005
2,550381000397,46.336,-91.255
2,550408000440,44.924,-89.962
2,550417000447,45.438,-89.184
2,550435000347,44.778,-92.154
2,550438000473,43.754,-90.276
2,550450000480,44.759,-91.273
2,550459000486,42.986,-90.647
2,550465000489,45.925,-88.249
2,550468002862,43.768,-88.458
2,550489000529,43.476,-87.943
2,550522001456,45.127,-87.231
2,550528000567,45.168,-90.807
2,550537000574,44.467,-91.674
2,550564000599,44.593,-90.462
2,550573000606,42.57,-89.876
2,550588000646,43.85,-88.96
2,550645000700,44.137,-88.169
2,550675000733,46.456,-90.204
2,550678000737,43.34,-88.605
2,550696000751,43.341,-90.28
2,550726000791,43.403,-88.716
2,550756000872,43.579,-90.639
2,550783000893,45.561,-88.669
2,550786000895,44.951,-88.042
2,550816000902,44.288,-88.311
2,550822000907,43.59,-88.447
2,550825000911,44.736,-90.503
2,550828000914,45.569,-92.472
2,550852000965,43.066,-89.458
2,550867000991,44.929,-89.831
2,550972001281,46.157,-91.813
2,550990000384,42.743,-89.594
2,551023001337,44,-90.074
2,551044001362,45.21,-91.556
2,551050001376,42.802,-89.636
2,551056001381,43.876,-90.17
2,551068001393,45.782,-88.002
2,551086001415,43.685,-88.542
2,551092001430,44.891,-87.871
2,551119001359,43.998,-88.61
2,551119001504,44.029,-88.523
2,551131001509,44.95,-90.579
2,551155001529,45.636,-87.995
2,551158001531,44.444,-92.149
2,551161001534,45.057,-87.753
2,551182001550,44.21,-89.494
2,551203001571,46.78,-91.381
2,551209001575,42.693,-90.695
2,551215002833,43.042,-91.127
2,551218000445,45.233,-91.983
2,551236001643,42.721,-87.79
2,551254001658,43.493,-90.678
2,551269001669,44.148,-87.953
2,551310001727,43.733,-88.784
2,551314001732,44.63,-89.313
2,551347001764,43.265,-90.957
2,551350000496,44.891,-87.289
2,551371001804,45.73,-91.937
2,551377001807,44.444,-88.575
2,551383001813,42.575,-90.23
2,551389001816,45.786,-92.377
2,551413001833,44.772,-87.523
2,551419001844,44.759,-90.294
2,551425002346,43.179,-90.079
2,551443001866,44.962,-90.924
2,551452001882,44.074,-88.298
2,551497001919,45.455,-90.994
2,551506001955,45.398,-92.139
2,551593002067,45.39,-87.964
2,551602002094,43.086,-90.883
2,551647000548,43.48,-90.191
2,551659002164,45.156,-88.765
2,551674000277,42.577,-88.564
2,551686002194,45.819,-91.013
2,551704002201,43.622,-89.76
2,551713002224,43.662,-90.223
2,560109000040,44.268,-107.962
2,560215000037,42.856,-105.871
2,560267000366,43.542,-109.63
2,560282000370,42.999,-108.855
2,560299000172,42.136,-104.342
2,560318000179,42.265,-104.742
2,560450000388,41.271,-110.34
2,560570000362,43.245,-108.116
2,560609000342,44.102,-104.621
2,560624000347,44.009,-107.962
2,720003000069,18.256,-66.532
2,720003000326,18.109,-65.872
2,720003000653,18.204,-67.133
2,720003000995,17.977,-66.296
2,720003001015,17.967,-66.403
